risk id,identified risk,likelihood,impact,title,control id,policy intent,control statement,implementation statement,risk statement,recommendation
R-01,"Ransomware delivered by phishing could encrypt the finance file servers and their online backups, halting payments processing for several days.",high,very high,Backup and restore,cp-9,"Backups of critical systems are taken daily, kept offline and immutable, and restores are tested quarterly so services can be recovered within 24 hours.","Back up critical systems at least daily, keep backups offline and immutable, and test restoration at least every [90] days.",Veeam backs up the finance file servers nightly to an immutable AWS S3 bucket; the infrastructure team restore-tests one server each quarter and records the result in ServiceNow.,,
R-01,,,,Email filtering,si-8,Inbound email is filtered for malicious attachments and links.,"Filter all inbound email for malicious attachments and links, and quarantine what is detected.",Microsoft Defender for Office 365 quarantines emails with malicious attachments; the SOC reviews the quarantine daily.,,
R-01,,,,Endpoint detection,si-4,Servers run endpoint detection and response that alerts the SOC.,"Deploy endpoint detection and response on all servers, and isolate infected hosts within [1 hour].","CrowdStrike Falcon runs on all servers and alerts the SOC, which isolates infected hosts within 1 hour.",,
R-02,Attackers could phish staff credentials and log in to Microsoft 365 to read confidential email and send fraudulent payment instructions.,high,high,Phishing-resistant MFA,ia-2,All remote access and cloud applications require phishing-resistant multi-factor authentication.,Require phishing-resistant multi-factor authentication for all access to cloud applications.,Entra ID conditional access enforces FIDO2 security keys for every Microsoft 365 sign-in.,,
R-02,,,,Phishing awareness,at-2,Staff complete phishing awareness training annually and a phishing simulation every quarter.,,,,
R-02,,,,Sign-in monitoring,si-4,Suspicious sign-ins are detected and investigated.,"Alert on anomalous sign-ins to cloud applications, and investigate each alert within [4 hours].","Sentinel alerts the SOC to impossible-travel and anomalous sign-ins, which are investigated within 4 hours.",,
R-03,Former staff could use accounts that were not removed to approve fraudulent payments.,medium,high,Leaver removal,ac-2,Access no longer needed is removed within 1 business day of an employee leaving.,Disable user accounts within [1 business day] of staff leaving.,Workday termination events disable the Okta account automatically within 4 hours.,,
R-03,,,,Access recertification,ac-2,Privileged and payment access is reviewed quarterly.,Review privileged and payment access at least every [90] days.,Managers recertify payment approver access quarterly in SailPoint; results are recorded in ServiceNow.,,
R-04,Customer personal data could be disclosed through a misconfigured public cloud storage bucket.,medium,high,Public bucket guardrail,cm-6,Cloud storage holding customer data is never publicly accessible.,"Block public access to all storage holding customer data, and alert on configuration changes within [15 minutes].","An AWS SCP blocks public S3 bucket policies in all production accounts, and AWS Config alerts the cloud team to any drift within 15 minutes.",,
R-04,,,,Data encryption,sc-28,Customer personal data is encrypted at rest.,Encrypt customer personal data at rest using managed keys.,All S3 buckets tagged customer-data use SSE-KMS with keys managed in AWS KMS.,,
R-05,Attackers could exploit unpatched vulnerabilities in internet-facing web servers to gain a foothold in the network.,high,high,Vulnerability management,ra-5,Critical vulnerabilities on internet-facing systems are patched within 14 days.,"Scan internet-facing systems for vulnerabilities at least weekly, and patch critical findings within [14] days.","Tenable scans internet-facing servers weekly; the platform team patches critical findings within 14 days, tracked in Jira.",,
R-06,A regional cloud outage could take the customer portal offline for more than a day.,low,high,Business continuity,cp-2,Business continuity plans are maintained as appropriate.,,,,
R-07,A breach at our outsourced payroll provider could disclose employee personal data.,medium,high,Vendor assurance,sr-6,"Vendors handling personal data are assessed before onboarding and annually, and contracts require breach notification within 72 hours.",Assess suppliers handling personal data before onboarding and at least annually.,The procurement team reviews each payroll vendor's SOC 2 Type II report annually and records the review in the vendor register.,,
R-08,An insider in finance could create and approve fraudulent supplier payments.,medium,high,Dual approval,ac-5,Payments above S$10000 require approval by two people other than the requester.,"Require approval by two people other than the requester for payments above [S$10,000].",SAP enforces maker-checker approval with two approvers for payments above S$10000.,,
R-08,,,,Daily reconciliation,,Bank payments are reconciled daily.,Reconcile payments against bank statements every business day.,The treasury team reconciles SAP payments against bank statements each business day.,,
R-09,Intrusions into the payments cluster could go undetected because its logs are not collected centrally.,medium,high,,,,,,,
R-10,A distributed denial of service attack could take the customer portal offline during peak trading.,medium,high,Password policy,ia-5,Passwords are at least 14 characters long.,,,,
R-11,Visitors could read confidential documents left on office printers.,low,low,Secure print release,,Confidential documents are printed only with badge release at the printer.,Release confidential print jobs only after the user authenticates at the printer.,PaperCut holds print jobs until the user badges in at the printer.,,
R-11,,,,Clean desk checks,,Clean desk checks are performed weekly.,Check desks and printers for confidential documents at least weekly.,The office manager checks desks and printers every Friday and records findings.,,
R-11,,,,Shredding,,Confidential waste is shredded daily.,Shred confidential waste at least daily.,Shredding bins are emptied daily by the contractor.,,
R-12,"Attackers could exploit the end-of-life HR application, which no longer receives security patches, to steal employee records.",high,high,Risk-based patching,si-2,Systems are patched at a frequency commensurate with their risk tier.,,,,
R-13,Cyber risk.,,,Security policy,,The organization maintains a security policy.,,,,
R-14,Ransomware could encrypt the engineering file shares and stop product releases for a week.,medium,high,Backup standard,cp-9,File shares are backed up daily to offline storage and restores are tested quarterly.,,,,
R-14,,,,Backup procedure,cp-9,"File shares are backed up daily to offline storage, and restores are tested every quarter.",,,,
R-15,Losing the only engineer who understands the payments settlement system could delay recovery from any incident by weeks.,medium,high,Knowledge transfer,,"A second engineer is cross-trained on every critical system, and runbooks are updated quarterly.",,,,
